{
  "archiveType": "profile",
  "dcVersion": "2.0.3",
  "archiveName": "AppSrv01",
  "domain": "javaAppServer",
  "host": "baace619f32d",
  "rawDependencies": [
    {
      "identifier": {
        "databaseName": "BLUDB",
        "portNumber": "50000"
      },
      "archiveType": "instance",
      "domain": "database",
      "isVirtual": "false",
      "assessmentUnitName": "BLUDB",
      "applicationName": "BLUDB",
      "middleware": "db2"
    }
  ],
  "isVirtual": "false",
  "assessmentUnitName": "CustomerOrderServicesApp.ear",
  "applicationName": "CustomerOrderServicesApp.ear",
  "middleware": "was",
  "serverXml": {
    "server": {
      "applicationManager": {
        "autoExpand": true
      },
      "jdbcDriver": {
        "library": {
          "file": [
            {
              "name": "${shared.config.dir}/lib/global/db2jcc.jar"
            },
            {
              "name": "${shared.config.dir}/lib/global/db2jcclicensecu.jar"
            }
          ]
        },
        "javax.sql.DataSource": "com.ibm.db2.jcc.DB2XADataSource",
        "id": "DB2_Universal_JDBC_Driver_Provider_(XA)"
      },
      "featureManager": {
        "feature": [
          "appSecurity-2.0",
          "servlet-3.1"
        ]
      },
      "authData": {
        "password": "???",
        "id": "DefaultNode01/DBUser-OrderDB",
        "user": "qfs75508"
      },
      "httpEndpoint": {
        "httpPort": 9080,
        "host": "*",
        "id": "defaultHttpEndpoint",
        "httpsPort": 9443
      },
      "variable": [
        {
          "name": "DERBY_JDBC_DRIVER_PATH",
          "value": "${shared.config.dir}/lib/global"
        },
        {
          "name": "DB2UNIVERSAL_JDBC_DRIVER_NATIVEPATH",
          "value": "${shared.config.dir}/lib/global"
        }
      ],
      "dataSource": {
        "containerAuthDataRef": "DefaultNode01/DBUser-OrderDB",
        "connectionManager": {
          "minPoolSize": 0,
          "maxIdleTime": 1800,
          "reapTime": 180,
          "agedTimeout": 0,
          "connectionTimeout": 180,
          "maxPoolSize": 10
        },
        "jdbcDriverRef": "DB2_Universal_JDBC_Driver_Provider_(XA)",
        "id": "OrderDS",
        "properties.db2.jcc": {
          "beginTranForVendorAPIs": false,
          "unbindClientRerouteListFromJndi": false,
          "databaseName": "BLUDB",
          "reauthentication": false,
          "serverName": "dashdb-txn-sbox-yp-lon02-01.services.eu-gb.bluemix.net",
          "preTestSQLString": "SELECT CURRENT SQLID FROM SYSIBM.SYSDUMMY1",
          "traceLevel": -1,
          "portNumber": 50000,
          "useTransactionRedirect": false,
          "validateNewConnection": false,
          "enableClientInformation": false,
          "errorDetectionModel": "ExceptionMapping",
          "nonTransactionalDataSource": false,
          "validateNewConnectionRetryInterval": 3,
          "name": "OrderDS",
          "propagateClientIdentityUsingTrustedContext": false,
          "retrieveMessagesFromServerOnGetMessage": false,
          "beginTranForResultSetScrollingAPIs": false,
          "enableMultithreadedAccessDetection": false,
          "connectionSharing": 1,
          "validateNewConnectionRetryCount": 100
        },
        "jndiName": "jdbc/orderds"
      }
    }
  }
}