<?xml version="1.0" encoding="UTF-8"?><server>
<!--These elements have been identified from this application's configuration.-->
<featureManager>
<feature>appSecurity-2.0</feature>
<feature>servlet-3.1</feature>
</featureManager>
<httpEndpoint host="*" httpPort="9080" httpsPort="9443" id="defaultHttpEndpoint"/>
<authData id="DefaultNode01/DBUser-OrderDB" password="???" user="qfs75508"/>
<jdbcDriver id="DB2_Universal_JDBC_Driver_Provider_(XA)" javax.sql.DataSource="com.ibm.db2.jcc.DB2XADataSource">
        <library>
<!-- <file name="/demo/db2drivers/db2jcc.jar"/> -->
            <file name="${shared.config.dir}/lib/global/db2jcc.jar"/>
<!-- <file name="/demo/db2drivers/db2jcc_license_cu.jar"/> -->
            <file name="${shared.config.dir}/lib/global/db2jcclicensecu.jar"/>
        </library>
    </jdbcDriver>
<!-- <variable name="DERBY_JDBC_DRIVER_PATH" value="${WAS_INSTALL_ROOT}/derby/lib"/> -->
<dataSource containerAuthDataRef="DefaultNode01/DBUser-OrderDB" id="OrderDS" jdbcDriverRef="DB2_Universal_JDBC_Driver_Provider_(XA)" jndiName="jdbc/orderds">
        <properties.db2.jcc beginTranForResultSetScrollingAPIs="false" beginTranForVendorAPIs="false" connectionSharing="1" databaseName="BLUDB" enableClientInformation="false" enableMultithreadedAccessDetection="false" errorDetectionModel="ExceptionMapping" name="OrderDS" nonTransactionalDataSource="false" portNumber="50000" preTestSQLString="SELECT CURRENT SQLID FROM SYSIBM.SYSDUMMY1" propagateClientIdentityUsingTrustedContext="false" reauthentication="false" retrieveMessagesFromServerOnGetMessage="false" serverName="dashdb-txn-sbox-yp-lon02-01.services.eu-gb.bluemix.net" traceLevel="-1" unbindClientRerouteListFromJndi="false" useTransactionRedirect="false" validateNewConnection="false" validateNewConnectionRetryCount="100" validateNewConnectionRetryInterval="3"/>
        <connectionManager agedTimeout="0" connectionTimeout="180" maxIdleTime="1800" maxPoolSize="10" minPoolSize="0" reapTime="180"/>
    </dataSource>
<!-- <variable name="DB2UNIVERSAL_JDBC_DRIVER_NATIVEPATH" value=""/> -->
<variable name="DERBY_JDBC_DRIVER_PATH" value="${shared.config.dir}/lib/global"/>
<variable name="DB2UNIVERSAL_JDBC_DRIVER_NATIVEPATH" value="${shared.config.dir}/lib/global"/>
<applicationManager autoExpand="true"/>
<!--These elements are from the profile level configuration. Not all of them may be necessary for your application.-->
<!--<dataSource containerAuthDataRef="DefaultNode01/PlantsAuthAlias" id="PlantsByWebSphereDataSourceNONJTA" jdbcDriverRef="DB2_Universal_JDBC_Driver_Provider" jndiName="jdbc/PlantsByWebSphereDataSourceNONJTA">
        <properties.db2.jcc beginTranForResultSetScrollingAPIs="false" beginTranForVendorAPIs="false" connectionSharing="1" databaseName="PLANTSDB" enableClientInformation="false" enableMultithreadedAccessDetection="false" errorDetectionModel="ExceptionMapping" jmsOnePhaseOptimization="false" name="PlantsByWebSphereDataSourceNONJTA" nonTransactionalDataSource="false" portNumber="32612" preTestSQLString="SELECT CURRENT SQLID FROM SYSIBM.SYSDUMMY1" propagateClientIdentityUsingTrustedContext="false" reauthentication="false" retrieveMessagesFromServerOnGetMessage="true" serverName="169.62.104.36" traceLevel="-1" unbindClientRerouteListFromJndi="false" useTransactionRedirect="false" validateNewConnection="false" validateNewConnectionRetryCount="100" validateNewConnectionRetryInterval="3"/>
        <connectionManager agedTimeout="0" connectionTimeout="180" maxIdleTime="1800" maxPoolSize="10" minPoolSize="0" reapTime="180"/>
    </dataSource>--><!--<dataSource containerAuthDataRef="DefaultNode01/PlantsAuthAlias" id="PlantsByWebSphereDataSource" jdbcDriverRef="DB2_Universal_JDBC_Driver_Provider_(XA)" jndiName="jdbc/PlantsByWebSphereDataSource">
        <properties.db2.jcc beginTranForResultSetScrollingAPIs="false" beginTranForVendorAPIs="false" connectionSharing="1" databaseName="PLANTSDB" enableClientInformation="false" enableMultithreadedAccessDetection="false" errorDetectionModel="ExceptionMapping" name="PlantsByWebSphereDataSource" nonTransactionalDataSource="false" portNumber="32612" preTestSQLString="SELECT CURRENT SQLID FROM SYSIBM.SYSDUMMY1" propagateClientIdentityUsingTrustedContext="false" reauthentication="false" retrieveMessagesFromServerOnGetMessage="false" serverName="169.62.104.36" traceLevel="-1" unbindClientRerouteListFromJndi="false" useTransactionRedirect="false" validateNewConnection="false" validateNewConnectionRetryCount="100" validateNewConnectionRetryInterval="3"/>
        <connectionManager agedTimeout="0" connectionTimeout="180" maxIdleTime="1800" maxPoolSize="10" minPoolSize="0" reapTime="180"/>
    </dataSource>--><!--<dataSource containerAuthDataRef="DefaultNode01/DBUSer-INDS" id="INDS" jdbcDriverRef="DB2_Universal_JDBC_Driver_Provider_(XA)" jndiName="jdbc/inds">
        <properties.db2.jcc beginTranForResultSetScrollingAPIs="false" beginTranForVendorAPIs="false" connectionSharing="1" databaseName="BLUDB" enableClientInformation="false" enableMultithreadedAccessDetection="false" errorDetectionModel="ExceptionMapping" name="INDS" nonTransactionalDataSource="false" portNumber="50000" preTestSQLString="SELECT CURRENT SQLID FROM SYSIBM.SYSDUMMY1" propagateClientIdentityUsingTrustedContext="false" reauthentication="false" retrieveMessagesFromServerOnGetMessage="false" serverName="dashdb-txn-sbox-yp-lon02-02.services.eu-gb.bluemix.net" traceLevel="-1" unbindClientRerouteListFromJndi="false" useTransactionRedirect="false" validateNewConnection="false" validateNewConnectionRetryCount="100" validateNewConnectionRetryInterval="3"/>
        <connectionManager agedTimeout="0" connectionTimeout="180" maxIdleTime="1800" maxPoolSize="10" minPoolSize="0" reapTime="180"/>
    </dataSource>--><!--<jdbcDriver id="DB2_Universal_JDBC_Driver_Provider" javax.sql.DataSource="com.ibm.db2.jcc.DB2ConnectionPoolDataSource">
        <library>
            <file name="/demo/db2drivers/db2jcc.jar"/>
            <file name="/demo/db2drivers/db2jcc_license_cu.jar"/>
        </library>
    </jdbcDriver>--><!--<authData id="DefaultNode01/PlantsAuthAlias" password="???" user="db2inst1"/>--><!--<authData id="DefaultNode01/DBUSer-INDS" password="???" user="bxf42549"/>--></server>