{
  "ignoreMissingBinary": false,
  "appsToScan_user": [
    ""
  ],
  "scanNodeFlag": false,
  "scanBinaryLocation": false,
  "profiles": [
    {
      "appsInfo": [],
      "ignoreMissingBinary": false,
      "assessUnitNames": [
        "CustomerOrderServicesApp.ear",
        "PlantsByWebSphere8.ear",
        "HelloWorld.ear"
      ],
      "cellName": "DefaultCell01",
      "javaVersion": "ibm8",
      "appsFound": true,
      "archive": {
        "assessmentUnits": [
          "CustomerOrderServicesApp.ear",
          "PlantsByWebSphere8.ear",
          "HelloWorld.ear"
        ],
        "archiveType": "profile",
        "dcVersion": "2.0.3",
        "archiveName": "AppSrv01",
        "domain": "javaAppServer",
        "host": "baace619f32d",
        "middleware": "was"
      },
      "webSphereVersion": "was90",
      "scanBinaryLocation": false,
      "isStandalone": true,
      "webSphereVariables": [
        {
          "scope": "cells:DefaultCell01",
          "name": "WAS_CELL_NAME",
          "value": "DefaultCell01"
        },
        {
          "scope": "cells:DefaultCell01",
          "name": "GRID_JOBLOG_ROOT"
        },
        {
          "scope": "cells:DefaultCell01",
          "name": "DERBY_JDBC_DRIVER_PATH"
        },
        {
          "scope": "cells:DefaultCell01",
          "name": "GRID_ENDPOINT_DATASOURCE",
          "value": "jdbc/pgc"
        },
        {
          "scope": "servers:server1",
          "name": "SERVER_LOG_ROOT"
        },
        {
          "scope": "servers:server1",
          "name": "WAS_SERVER_NAME",
          "value": "server1"
        },
        {
          "scope": "nodes:DefaultNode01",
          "name": "WAS_INSTALL_ROOT",
          "value": "/opt/IBM/WebSphere/AppServer"
        },
        {
          "scope": "nodes:DefaultNode01",
          "name": "USER_INSTALL_ROOT",
          "value": "/opt/IBM/WebSphere/AppServer/profiles/AppSrv01"
        },
        {
          "scope": "nodes:DefaultNode01",
          "name": "WAS_LIBS_DIR",
          "value": "/opt/IBM/WebSphere/AppServer/lib"
        },
        {
          "scope": "nodes:DefaultNode01",
          "name": "WAS_PROPS_DIR",
          "value": "/opt/IBM/WebSphere/AppServer/profiles/AppSrv01/properties"
        },
        {
          "scope": "nodes:DefaultNode01",
          "name": "WAS_TEMP_DIR",
          "value": "/opt/IBM/WebSphere/AppServer/profiles/AppSrv01/temp"
        },
        {
          "scope": "nodes:DefaultNode01",
          "name": "APP_INSTALL_ROOT",
          "value": "/opt/IBM/WebSphere/AppServer/profiles/AppSrv01/installedApps"
        },
        {
          "scope": "nodes:DefaultNode01",
          "name": "LOG_ROOT",
          "value": "/opt/IBM/WebSphere/AppServer/profiles/AppSrv01/logs"
        },
        {
          "scope": "nodes:DefaultNode01",
          "name": "DRIVER_PATH",
          "value": "/opt/IBM/WebSphere/AppServer"
        },
        {
          "scope": "nodes:DefaultNode01",
          "name": "JAVA_HOME",
          "value": "/opt/IBM/WebSphere/AppServer/java/8.0"
        },
        {
          "scope": "nodes:DefaultNode01",
          "name": "MQ_INSTALL_ROOT",
          "value": "/opt/IBM/WebSphere/AppServer/lib/WMQ"
        },
        {
          "scope": "nodes:DefaultNode01",
          "name": "DEPLOY_TOOL_ROOT",
          "value": "/opt/IBM/WebSphere/AppServer/deploytool/itp"
        },
        {
          "scope": "nodes:DefaultNode01",
          "name": "CONNECTOR_INSTALL_ROOT",
          "value": "/opt/IBM/WebSphere/AppServer/profiles/AppSrv01/installedConnectors"
        },
        {
          "scope": "nodes:DefaultNode01",
          "name": "WAS_ETC_DIR",
          "value": "/opt/IBM/WebSphere/AppServer/profiles/AppSrv01/etc"
        },
        {
          "scope": "nodes:DefaultNode01",
          "name": "UNIVERSAL_JDBC_DRIVER_PATH",
          "value": "/opt/IBM/WebSphere/AppServer/universalDriver/lib"
        },
        {
          "scope": "nodes:DefaultNode01",
          "name": "DERBY_JDBC_DRIVER_PATH",
          "value": "/opt/IBM/WebSphere/AppServer/derby/lib"
        },
        {
          "scope": "nodes:DefaultNode01",
          "name": "WAS_INSTALL_LIBRARY",
          "value": "$(was.install.library)"
        },
        {
          "scope": "nodes:DefaultNode01",
          "name": "LOCALHOST_NAME",
          "value": "localhost"
        }
      ],
      "name": "AppSrv01",
      "profilePath": "/opt/IBM/WebSphere/AppServer/profiles/AppSrv01",
      "contextRoots": {
        "PlantsByWebSphere8.ear": {
          "PlantsByWebSphere.war": "/PlantsByWebSphere"
        },
        "HelloWorld.ear": {
          "HelloWorld.war": "/HelloWorld"
        },
        "CustomerOrderServicesApp.ear": {
          "CustomerOrderServicesTest-0.1.0-SNAPSHOT.war": "CustomerOrderServicesTest",
          "CustomerOrderServicesWeb-0.1.0-SNAPSHOT.war": "CustomerOrderServicesWeb"
        }
      },
      "applications": [
        "/opt/IBM/WebSphere/AppServer/profiles/AppSrv01/config/cells/DefaultCell01/applications/CustomerOrderServicesApp.ear/CustomerOrderServicesApp.ear",
        "/opt/IBM/WebSphere/AppServer/profiles/AppSrv01/config/cells/DefaultCell01/applications/PlantsByWebSphere8.ear/PlantsByWebSphere8.ear",
        "/opt/IBM/WebSphere/AppServer/profiles/AppSrv01/config/cells/DefaultCell01/applications/HelloWorld.ear/HelloWorld.ear"
      ],
      "serverClasspath": []
    }
  ],
  "ignoreMissingSharedLibrary": false,
  "productInf": [
    {
      "buildLevel": "f5032008.04",
      "name": "IBM WebSphere Application Server",
      "id": "BASE",
      "buildDate": "2/26/20",
      "version": "9.0.5.3"
    },
    {
      "buildLevel": "pxa6480sr6fp10-20200408_01",
      "name": "IBM SDK, Java Technology Edition, Version 8",
      "id": "JAVA8",
      "buildDate": "04/08/20",
      "version": "8.0.6.10"
    }
  ]
}