{
  "archiveType": "profile",
  "dcVersion": "2.0.3",
  "archiveName": "AppSrv01",
  "domain": "javaAppServer",
  "host": "baace619f32d",
  "rawDependencies": [
    {
      "identifier": {
        "databaseName": "PLANTSDB",
        "portNumber": "32612"
      },
      "archiveType": "instance",
      "domain": "database",
      "isVirtual": "false",
      "assessmentUnitName": "PLANTSDB",
      "applicationName": "PLANTSDB",
      "middleware": "db2"
    },
    {
      "identifier": {
        "databaseName": "PLANTSDB",
        "portNumber": "32612"
      },
      "archiveType": "instance",
      "domain": "database",
      "isVirtual": "false",
      "assessmentUnitName": "PLANTSDB",
      "applicationName": "PLANTSDB",
      "middleware": "db2"
    }
  ],
  "isVirtual": "false",
  "assessmentUnitName": "PlantsByWebSphere8.ear",
  "applicationName": "PlantsByWebSphere8.ear",
  "middleware": "was",
  "serverXml": {
    "server": {
      "applicationManager": {
        "autoExpand": true
      },
      "featureManager": {
        "feature": [
          "appSecurity-2.0",
          "beanValidation-1.1",
          "cdi-1.2",
          "ejbLite-3.2",
          "el-3.0",
          "javaMail-1.5",
          "jndi-1.0",
          "jpa-2.1",
          "jsf-2.2",
          "jsp-2.3",
          "servlet-3.1"
        ]
      },
      "authData": {
        "password": "???",
        "id": "DefaultNode01/PlantsAuthAlias",
        "user": "db2inst1"
      },
      "httpEndpoint": {
        "httpPort": 9080,
        "host": "*",
        "id": "defaultHttpEndpoint",
        "httpsPort": 9443
      },
      "variable": [
        {
          "name": "DERBY_JDBC_DRIVER_PATH",
          "value": "${shared.config.dir}/lib/global"
        },
        {
          "name": "DB2UNIVERSAL_JDBC_DRIVER_NATIVEPATH",
          "value": "${shared.config.dir}/lib/global"
        }
      ],
      "dataSource": [
        {
          "containerAuthDataRef": "DefaultNode01/PlantsAuthAlias",
          "connectionManager": {
            "minPoolSize": 0,
            "maxIdleTime": 1800,
            "reapTime": 180,
            "agedTimeout": 0,
            "connectionTimeout": 180,
            "maxPoolSize": 10
          },
          "jdbcDriverRef": "DB2_Universal_JDBC_Driver_Provider",
          "id": "PlantsByWebSphereDataSourceNONJTA",
          "properties.db2.jcc": {
            "beginTranForVendorAPIs": false,
            "unbindClientRerouteListFromJndi": false,
            "databaseName": "PLANTSDB",
            "jmsOnePhaseOptimization": false,
            "reauthentication": false,
            "serverName": "169.62.104.36",
            "preTestSQLString": "SELECT CURRENT SQLID FROM SYSIBM.SYSDUMMY1",
            "traceLevel": -1,
            "portNumber": 32612,
            "useTransactionRedirect": false,
            "validateNewConnection": false,
            "enableClientInformation": false,
            "errorDetectionModel": "ExceptionMapping",
            "nonTransactionalDataSource": false,
            "validateNewConnectionRetryInterval": 3,
            "name": "PlantsByWebSphereDataSourceNONJTA",
            "propagateClientIdentityUsingTrustedContext": false,
            "retrieveMessagesFromServerOnGetMessage": true,
            "beginTranForResultSetScrollingAPIs": false,
            "enableMultithreadedAccessDetection": false,
            "connectionSharing": 1,
            "validateNewConnectionRetryCount": 100
          },
          "jndiName": "jdbc/PlantsByWebSphereDataSourceNONJTA"
        },
        {
          "containerAuthDataRef": "DefaultNode01/PlantsAuthAlias",
          "connectionManager": {
            "minPoolSize": 0,
            "maxIdleTime": 1800,
            "reapTime": 180,
            "agedTimeout": 0,
            "connectionTimeout": 180,
            "maxPoolSize": 10
          },
          "jdbcDriverRef": "DB2_Universal_JDBC_Driver_Provider_(XA)",
          "id": "PlantsByWebSphereDataSource",
          "properties.db2.jcc": {
            "beginTranForVendorAPIs": false,
            "unbindClientRerouteListFromJndi": false,
            "databaseName": "PLANTSDB",
            "reauthentication": false,
            "serverName": "169.62.104.36",
            "preTestSQLString": "SELECT CURRENT SQLID FROM SYSIBM.SYSDUMMY1",
            "traceLevel": -1,
            "portNumber": 32612,
            "useTransactionRedirect": false,
            "validateNewConnection": false,
            "enableClientInformation": false,
            "errorDetectionModel": "ExceptionMapping",
            "nonTransactionalDataSource": false,
            "validateNewConnectionRetryInterval": 3,
            "name": "PlantsByWebSphereDataSource",
            "propagateClientIdentityUsingTrustedContext": false,
            "retrieveMessagesFromServerOnGetMessage": false,
            "beginTranForResultSetScrollingAPIs": false,
            "enableMultithreadedAccessDetection": false,
            "connectionSharing": 1,
            "validateNewConnectionRetryCount": 100
          },
          "jndiName": "jdbc/PlantsByWebSphereDataSource"
        }
      ]
    }
  }
}