{
  "domain": "javaAppServer",
  "middleware": "was",
  "host": "b8b7d218a1f4",
  "assessmentUnitName": "PlantsByWebSphere8.ear",
  "applicationName": "PlantsByWebSphere8.ear",
  "dcVersion": "2.4.4",
  "collectionUnitType": "profile",
  "collectionUnitName": "AppSrv01",
  "isVirtual": "false",
  "rawDependencies": [
    {
      "domain": "database",
      "middleware": "db2",
      "assessmentUnitName": "${PlantsByWebSphereDataSource_databaseName_1}",
      "applicationName": "${PlantsByWebSphereDataSource_databaseName_1}",
      "collectionUnitType": "instance",
      "isVirtual": "false",
      "identifier": {
        "portNumber": "${PlantsByWebSphereDataSource_portNumber_1}",
        "databaseName": "${PlantsByWebSphereDataSource_databaseName_1}"
      }
    },
    {
      "domain": "database",
      "middleware": "db2",
      "assessmentUnitName": "${PlantsByWebSphereDataSourceNONJTA_databaseName_1}",
      "applicationName": "${PlantsByWebSphereDataSourceNONJTA_databaseName_1}",
      "collectionUnitType": "instance",
      "isVirtual": "false",
      "identifier": {
        "portNumber": "${PlantsByWebSphereDataSourceNONJTA_portNumber_1}",
        "databaseName": "${PlantsByWebSphereDataSourceNONJTA_databaseName_1}"
      }
    }
  ],
  "serverXml": {
    "server": {
      "description": "Configuration generated by binaryAppScanner",
      "featureManager": {
        "feature": [
          "appSecurity-2.0",
          "beanValidation-1.1",
          "cdi-1.2",
          "ejbLite-3.2",
          "el-3.0",
          "javaMail-1.5",
          "jndi-1.0",
          "jpa-2.1",
          "jsf-2.2",
          "jsp-2.3",
          "servlet-3.1"
        ]
      },
      "applicationManager": {
        "autoExpand": true
      },
      "httpEndpoint": {
        "host": "${httpEndpoint_host_1}",
        "httpPort": "${httpEndpoint_port_1}",
        "httpsPort": "${httpEndpoint_secure_port_1}",
        "id": "defaultHttpEndpoint"
      },
      "enterpriseApplication": {
        "location": "PlantsByWebSphere8.ear"
      },
      "authData": {
        "id": "DefaultNode01/PlantsAuthAlias",
        "password": "${DefaultNode01_PlantsAuthAlias_password_1}",
        "user": "${DefaultNode01_PlantsAuthAlias_user_1}"
      },
      "jdbcDriver": [
        {
          "id": "DB2_Universal_JDBC_Driver_Provider_(XA)",
          "library": {
            "file": [
              {
                "name": "/demo/db2drivers/db2jcc.jar"
              },
              {
                "name": "/demo/db2drivers/db2jcc_license_cu.jar"
              }
            ]
          }
        },
        {
          "id": "DB2_Universal_JDBC_Driver_Provider",
          "library": {
            "file": [
              {
                "name": "/demo/db2drivers/db2jcc.jar"
              },
              {
                "name": "/demo/db2drivers/db2jcc_license_cu.jar"
              }
            ]
          }
        }
      ],
      "dataSource": [
        {
          "beginTranForResultSetScrollingAPIs": false,
          "beginTranForVendorAPIs": false,
          "containerAuthDataRef": "DefaultNode01/PlantsAuthAlias",
          "id": "PlantsByWebSphereDataSource",
          "jdbcDriverRef": "DB2_Universal_JDBC_Driver_Provider_(XA)",
          "jndiName": "jdbc/PlantsByWebSphereDataSource",
          "recoveryAuthDataRef": "DefaultNode01/PlantsAuthAlias",
          "type": "javax.sql.XADataSource",
          "properties.db2.jcc": {
            "databaseName": "${PlantsByWebSphereDataSource_databaseName_1}",
            "driverType": 4,
            "portNumber": "${PlantsByWebSphereDataSource_portNumber_1}",
            "serverName": "${PlantsByWebSphereDataSource_serverName_1}"
          },
          "connectionManager": {
            "connectionTimeout": 180,
            "maxPoolSize": 10
          }
        },
        {
          "beginTranForResultSetScrollingAPIs": false,
          "beginTranForVendorAPIs": false,
          "containerAuthDataRef": "DefaultNode01/PlantsAuthAlias",
          "id": "PlantsByWebSphereDataSourceNONJTA",
          "jdbcDriverRef": "DB2_Universal_JDBC_Driver_Provider",
          "jndiName": "jdbc/PlantsByWebSphereDataSourceNONJTA",
          "type": "javax.sql.ConnectionPoolDataSource",
          "properties.db2.jcc": {
            "databaseName": "${PlantsByWebSphereDataSourceNONJTA_databaseName_1}",
            "driverType": 4,
            "portNumber": "${PlantsByWebSphereDataSourceNONJTA_portNumber_1}",
            "retrieveMessagesFromServerOnGetMessage": true,
            "serverName": "${PlantsByWebSphereDataSourceNONJTA_serverName_1}"
          },
          "connectionManager": {
            "connectionTimeout": 180,
            "maxPoolSize": 10
          }
        }
      ],
      "keyStore": [
        {
          "id": "NodeDefaultKeyStore",
          "location": "${NodeDefaultKeyStore_location_1}",
          "password": "${NodeDefaultKeyStore_password_1}"
        },
        {
          "id": "NodeDefaultTrustStore",
          "location": "${NodeDefaultTrustStore_location_1}",
          "password": "${NodeDefaultTrustStore_password_1}"
        }
      ],
      "ssl": {
        "id": "NodeDefaultSSLSettings",
        "keyStoreRef": "NodeDefaultKeyStore",
        "sslProtocol": "${NodeDefaultSSLSettings_sslProtocol_1}",
        "trustStoreRef": "NodeDefaultTrustStore"
      },
      "sslDefault": {
        "sslRef": "NodeDefaultSSLSettings"
      },
      "variable": [
        {
          "defaultValue": "*",
          "name": "httpEndpoint_host_1"
        },
        {
          "defaultValue": 9080,
          "name": "httpEndpoint_port_1"
        },
        {
          "defaultValue": 9443,
          "name": "httpEndpoint_secure_port_1"
        },
        {
          "defaultValue": "PlantsByWebSphere8_ear_DefaultNode01_NodeDefaultKeyStore_key.p12",
          "name": "NodeDefaultKeyStore_location_1"
        },
        {
          "defaultValue": "SSL_TLSv2",
          "name": "NodeDefaultSSLSettings_sslProtocol_1"
        },
        {
          "defaultValue": "PlantsByWebSphere8_ear_DefaultNode01_NodeDefaultTrustStore_trust.p12",
          "name": "NodeDefaultTrustStore_location_1"
        },
        {
          "defaultValue": "PLANTSDB",
          "name": "PlantsByWebSphereDataSource_databaseName_1"
        },
        {
          "defaultValue": 32612,
          "name": "PlantsByWebSphereDataSource_portNumber_1"
        },
        {
          "defaultValue": "169.62.104.36",
          "name": "PlantsByWebSphereDataSource_serverName_1"
        },
        {
          "defaultValue": "PLANTSDB",
          "name": "PlantsByWebSphereDataSourceNONJTA_databaseName_1"
        },
        {
          "defaultValue": 32612,
          "name": "PlantsByWebSphereDataSourceNONJTA_portNumber_1"
        },
        {
          "defaultValue": "169.62.104.36",
          "name": "PlantsByWebSphereDataSourceNONJTA_serverName_1"
        },
        {
          "defaultValue": "",
          "name": "DefaultNode01_PlantsAuthAlias_password_1"
        },
        {
          "defaultValue": "",
          "name": "DefaultNode01_PlantsAuthAlias_user_1"
        },
        {
          "defaultValue": "",
          "name": "NodeDefaultKeyStore_password_1"
        },
        {
          "defaultValue": "",
          "name": "NodeDefaultTrustStore_password_1"
        }
      ]
    }
  }
}