<?xml version="1.0" encoding="UTF-8"?><server description="Configuration generated by binaryAppScanner">
    <featureManager>
        <!--The following features are available in Open Liberty.-->
        <feature>appSecurity-2.0</feature>
        <feature>beanValidation-1.1</feature>
        <feature>cdi-1.2</feature>
        <feature>ejbLite-3.2</feature>
        <feature>el-3.0</feature>
        <feature>javaMail-1.5</feature>
        <feature>jndi-1.0</feature>
        <feature>jpa-2.1</feature>
        <feature>jsf-2.2</feature>
        <feature>jsp-2.3</feature>
        <feature>servlet-3.1</feature>
    </featureManager>

    <!-- This configuration was migrated on 8/20/21 at 11:13:43 AM from the following location: /opt/IBM/WebSphere/AppServer/profiles/AppSrv01 -->
    <!-- The binary scanner does not support the migration of all WebSphere traditional configuration elements. Check the binary scanner documentation for the list of supported configuration elements. -->
    <applicationManager autoExpand="true"/>

    <httpEndpoint host="${httpEndpoint_host_1}" httpPort="${httpEndpoint_port_1}" httpsPort="${httpEndpoint_secure_port_1}" id="defaultHttpEndpoint"/>

    <enterpriseApplication location="PlantsByWebSphere8.ear"/>

    <authData id="DefaultNode01/PlantsAuthAlias" password="${DefaultNode01_PlantsAuthAlias_password_1}" user="${DefaultNode01_PlantsAuthAlias_user_1}"/>

    <jdbcDriver id="DB2_Universal_JDBC_Driver_Provider_(XA)">
        <library>
            <file name="/demo/db2drivers/db2jcc.jar"/>
            <file name="/demo/db2drivers/db2jcc_license_cu.jar"/>
        </library>
    </jdbcDriver>

    <dataSource beginTranForResultSetScrollingAPIs="false" beginTranForVendorAPIs="false" containerAuthDataRef="DefaultNode01/PlantsAuthAlias" id="PlantsByWebSphereDataSource" jdbcDriverRef="DB2_Universal_JDBC_Driver_Provider_(XA)" jndiName="jdbc/PlantsByWebSphereDataSource" recoveryAuthDataRef="DefaultNode01/PlantsAuthAlias" type="javax.sql.XADataSource">
        <properties.db2.jcc databaseName="${PlantsByWebSphereDataSource_databaseName_1}" driverType="4" portNumber="${PlantsByWebSphereDataSource_portNumber_1}" serverName="${PlantsByWebSphereDataSource_serverName_1}"/>
        <connectionManager connectionTimeout="180" maxPoolSize="10"/>
    </dataSource>

    <jdbcDriver id="DB2_Universal_JDBC_Driver_Provider">
        <library>
            <file name="/demo/db2drivers/db2jcc.jar"/>
            <file name="/demo/db2drivers/db2jcc_license_cu.jar"/>
        </library>
    </jdbcDriver>

    <dataSource beginTranForResultSetScrollingAPIs="false" beginTranForVendorAPIs="false" containerAuthDataRef="DefaultNode01/PlantsAuthAlias" id="PlantsByWebSphereDataSourceNONJTA" jdbcDriverRef="DB2_Universal_JDBC_Driver_Provider" jndiName="jdbc/PlantsByWebSphereDataSourceNONJTA" type="javax.sql.ConnectionPoolDataSource">
        <properties.db2.jcc databaseName="${PlantsByWebSphereDataSourceNONJTA_databaseName_1}" driverType="4" portNumber="${PlantsByWebSphereDataSourceNONJTA_portNumber_1}" retrieveMessagesFromServerOnGetMessage="true" serverName="${PlantsByWebSphereDataSourceNONJTA_serverName_1}"/>
        <connectionManager connectionTimeout="180" maxPoolSize="10"/>
    </dataSource>

    <keyStore id="NodeDefaultKeyStore" location="${NodeDefaultKeyStore_location_1}" password="${NodeDefaultKeyStore_password_1}"/>

    <keyStore id="NodeDefaultTrustStore" location="${NodeDefaultTrustStore_location_1}" password="${NodeDefaultTrustStore_password_1}"/>

    <ssl id="NodeDefaultSSLSettings" keyStoreRef="NodeDefaultKeyStore" sslProtocol="${NodeDefaultSSLSettings_sslProtocol_1}" trustStoreRef="NodeDefaultTrustStore"/>

    <sslDefault sslRef="NodeDefaultSSLSettings"/>

    
    

    <!-- The following variables, which often differ between environments, have been extracted from the migrated configuration to allow for easy substitution. -->
    <variable defaultValue="*" name="httpEndpoint_host_1"/>
    <variable defaultValue="9080" name="httpEndpoint_port_1"/>
    <variable defaultValue="9443" name="httpEndpoint_secure_port_1"/>
    <variable defaultValue="PlantsByWebSphere8_ear_DefaultNode01_NodeDefaultKeyStore_key.p12" name="NodeDefaultKeyStore_location_1"/>
    <variable defaultValue="SSL_TLSv2" name="NodeDefaultSSLSettings_sslProtocol_1"/>
    <variable defaultValue="PlantsByWebSphere8_ear_DefaultNode01_NodeDefaultTrustStore_trust.p12" name="NodeDefaultTrustStore_location_1"/>
    <variable defaultValue="PLANTSDB" name="PlantsByWebSphereDataSource_databaseName_1"/>
    <variable defaultValue="32612" name="PlantsByWebSphereDataSource_portNumber_1"/>
    <variable defaultValue="169.62.104.36" name="PlantsByWebSphereDataSource_serverName_1"/>
    <variable defaultValue="PLANTSDB" name="PlantsByWebSphereDataSourceNONJTA_databaseName_1"/>
    <variable defaultValue="32612" name="PlantsByWebSphereDataSourceNONJTA_portNumber_1"/>
    <variable defaultValue="169.62.104.36" name="PlantsByWebSphereDataSourceNONJTA_serverName_1"/>
<variable defaultValue="" name="DefaultNode01_PlantsAuthAlias_password_1"/>
<variable defaultValue="" name="DefaultNode01_PlantsAuthAlias_user_1"/>
<variable defaultValue="" name="NodeDefaultKeyStore_password_1"/>
<variable defaultValue="" name="NodeDefaultTrustStore_password_1"/>
</server>